{"stats":{"minecraft:used":{"minecraft:stone_pickaxe":41,"minecraft:wooden_pickaxe":10,"minecraft:stone_axe":37,"minecraft:dirt":1,"minecraft:crafting_table":2,"minecraft:furnace":1},"minecraft:custom":{"minecraft:time_since_rest":11612,"minecraft:interact_with_furnace":1,"minecraft:sprint_one_cm":39081,"minecraft:damage_taken":20,"minecraft:walk_one_cm":20933,"minecraft:mob_kills":11,"minecraft:damage_dealt":1060,"minecraft:swim_one_cm":5598,"minecraft:interact_with_crafting_table":4,"minecraft:fly_one_cm":33367,"minecraft:crouch_one_cm":3438,"minecraft:play_time":11612,"minecraft:sneak_time":1578,"minecraft:walk_under_water_one_cm":3505,"minecraft:jump":194,"minecraft:leave_game":1,"minecraft:time_since_death":11612,"minecraft:walk_on_water_one_cm":4824,"minecraft:total_world_time":11612,"minecraft:fall_one_cm":4945},"minecraft:picked_up":{"minecraft:raw_iron":4,"minecraft:crafting_table":1,"minecraft:leather":1,"minecraft:porkchop":6,"minecraft:oak_log":22,"minecraft:ink_sac":2,"minecraft:dirt":17,"minecraft:beef":5,"minecraft:sugar_cane":25,"minecraft:mutton":3,"minecraft:coal":30,"minecraft:white_wool":2,"minecraft:cobblestone":16},"minecraft:crafted":{"minecraft:oak_planks":16,"minecraft:crafting_table":1,"minecraft:stick":8,"minecraft:wooden_pickaxe":1,"minecraft:stone_pickaxe":1,"minecraft:furnace":1,"minecraft:stone_axe":1},"minecraft:killed":{"minecraft:sheep":2,"minecraft:pig":3,"minecraft:squid":2,"minecraft:cow":4},"minecraft:mined":{"minecraft:seagrass":1,"minecraft:tall_seagrass":1,"minecraft:iron_ore":4,"minecraft:crafting_table":1,"minecraft:grass":1,"minecraft:oak_log":22,"minecraft:grass_block":5,"minecraft:coal_ore":30,"minecraft:dirt":12,"minecraft:stone":16,"minecraft:sugar_cane":12,"minecraft:oak_leaves":4}},"DataVersion":3465}